-- DATA FOR TABLE CASHIERS
INSERT INTO CASHIERS (CASHIER_NAME) VALUES ('Thanasis');
INSERT INTO CASHIERS (CASHIER_NAME) VALUES ('Dimitra');
-- DATA FOR TABLE CATEGORIES
INSERT INTO PRODUCT_CATEGORIES (CATEGORY_NAME) VALUES ('Coffee');
INSERT INTO PRODUCT_CATEGORIES (CATEGORY_NAME) VALUES ('Hot Drink');
INSERT INTO PRODUCT_CATEGORIES (CATEGORY_NAME) VALUES ('Dessert');
-- DATA FOR TABLE PRODUCTS
INSERT INTO PRODUCTS (PRODUCT_NAME, PRODUCT_COST, CATEGORY_NAME) VALUES (
	'Americano',
	3,
	'Coffee'
);

INSERT INTO PRODUCTS (PRODUCT_NAME, PRODUCT_COST, CATEGORY_NAME) VALUES (
	'Cappuccino',
	3,
	'Coffee'
);

INSERT INTO PRODUCTS (PRODUCT_NAME, PRODUCT_COST, CATEGORY_NAME) VALUES (
	'Macchiato',
	3,
	'Coffee'
);

INSERT INTO PRODUCTS (PRODUCT_NAME, PRODUCT_COST, CATEGORY_NAME) VALUES (
	'Espresso',
	2,
	'Coffee'
);

INSERT INTO PRODUCTS (PRODUCT_NAME, PRODUCT_COST, CATEGORY_NAME) VALUES (
	'Mocha',
	2,
	'Coffee'
);

INSERT INTO PRODUCTS (PRODUCT_NAME, PRODUCT_COST, CATEGORY_NAME) VALUES (
	'Hot Chocolate',
	3,
	'Hot Drink'
);

INSERT INTO PRODUCTS (PRODUCT_NAME, PRODUCT_COST, CATEGORY_NAME) VALUES (
	'White Chocolate',
	3,
	'Hot Drink'
);

INSERT INTO PRODUCTS (PRODUCT_NAME, PRODUCT_COST, CATEGORY_NAME) VALUES (
	'Vanila Team',
	2,
	'Hot Drink'
);

INSERT INTO PRODUCTS (PRODUCT_NAME, PRODUCT_COST, CATEGORY_NAME) VALUES (
	'Green Tea',
	2,
	'Hot Drink'
);

INSERT INTO PRODUCTS (PRODUCT_NAME, PRODUCT_COST, CATEGORY_NAME) VALUES (
	'Sweets',
	2,
	'Dessert'
);

INSERT INTO PRODUCTS (PRODUCT_NAME, PRODUCT_COST, CATEGORY_NAME) VALUES (
	'Cupcake',
	2,
	'Dessert'
);

INSERT INTO PRODUCTS (PRODUCT_NAME, PRODUCT_COST, CATEGORY_NAME) VALUES (
	'Doughnut',
	2,
	'Dessert'
);

INSERT INTO PRODUCTS (PRODUCT_NAME, PRODUCT_COST, CATEGORY_NAME) VALUES (
	'Croissant',
	2,
	'Dessert'
);

INSERT INTO PRODUCTS (PRODUCT_NAME, PRODUCT_COST, CATEGORY_NAME) VALUES (
	'Cheesecake',
	3,
	'Dessert'
);